{"notifier_service": {"pid": 13836, "ts": 1776242620.0836103, "proc_name": "python.exe"}, "monitor_agent": {"pid": 3260, "ts": 1776242619.8118935, "proc_name": "python.exe"}, "dashboard_server": {"pid": 13508, "ts": 1776242621.417746, "proc_name": "python.exe"}}